{
  "baseline": {
    "run_dir": "/data/chenwei/remote_lab/runs/cifar10_vit12_baseline_b2048_recipe_ema999_gpu5",
    "experiment_name": "cifar10-vit12-baseline-b2048-recipe-ema999-v1",
    "epochs": 200,
    "final_train_loss": 1.17931455,
    "final_eval_loss": 0.51744223,
    "final_eval_accuracy": 0.8367,
    "final_eval_loss_raw": 0.50271188,
    "final_eval_accuracy_raw": 0.8402,
    "final_eval_loss_ema": 0.51744223,
    "final_eval_accuracy_ema": 0.8367,
    "reported_training_time_sec": 1152.3647374082357,
    "reported_training_flops": 0,
    "ema_enabled": true,
    "final_layer_ratios": [
      0.195888,
      0.26971242,
      0.24918061,
      0.40365049,
      0.38075012,
      0.46634883,
      0.4060089,
      0.48125637,
      0.48537403,
      0.46124876,
      0.45370707,
      0.49285415
    ],
    "regularization_epochs": 0
  },
  "interval": {
    "run_dir": "/data/chenwei/remote_lab/runs/cifar10_vit12_interval_b2048_recipe_ema999_front10_every5_gpu6",
    "experiment_name": "cifar10-vit12-interval-linear-lambda05-b2048-recipe-ema999-front10-every5-v1",
    "epochs": 200,
    "final_train_loss": 1.19832091,
    "final_eval_loss": 0.54552389,
    "final_eval_accuracy": 0.8287,
    "final_eval_loss_raw": 0.5321701,
    "final_eval_accuracy_raw": 0.834,
    "final_eval_loss_ema": 0.54552389,
    "final_eval_accuracy_ema": 0.8287,
    "reported_training_time_sec": 1039.2407461795956,
    "reported_training_flops": 62285414400,
    "ema_enabled": true,
    "final_layer_ratios": [
      0.11057656,
      0.20824367,
      0.25511703,
      0.29227343,
      0.32137483,
      0.3516207,
      0.36474952,
      0.37095159,
      0.39943683,
      0.4404285,
      0.46681011,
      0.44704872
    ],
    "regularization_epochs": 48
  },
  "delta": {
    "final_train_loss_delta": 0.01900636,
    "final_eval_loss_delta": 0.02808166,
    "final_eval_accuracy_delta": -0.008,
    "final_eval_loss_raw_delta": 0.02945822,
    "final_eval_accuracy_raw_delta": -0.0062,
    "final_eval_loss_ema_delta": 0.02808166,
    "final_eval_accuracy_ema_delta": -0.008,
    "reported_training_time_sec_delta": -113.12399123,
    "final_layer_ratio_delta": [
      -0.08531144,
      -0.06146875,
      0.00593642,
      -0.11137706,
      -0.05937529,
      -0.11472813,
      -0.04125938,
      -0.11030478,
      -0.0859372,
      -0.02082026,
      0.01310304,
      -0.04580543
    ]
  }
}
