{
  "baseline": {
    "run_dir": "/data/chenwei/remote_lab/runs/cifar10_vit12_baseline_b2048_recipe_ema999_gpu5",
    "experiment_name": "cifar10-vit12-baseline-b2048-recipe-ema999-v1",
    "epochs": 200,
    "final_train_loss": 1.17931455,
    "final_eval_loss": 0.51744223,
    "final_eval_accuracy": 0.8367,
    "final_eval_loss_raw": 0.50271188,
    "final_eval_accuracy_raw": 0.8402,
    "final_eval_loss_ema": 0.51744223,
    "final_eval_accuracy_ema": 0.8367,
    "reported_training_time_sec": 1152.3647374082357,
    "reported_training_flops": 0,
    "ema_enabled": true,
    "final_layer_ratios": [
      0.195888,
      0.26971242,
      0.24918061,
      0.40365049,
      0.38075012,
      0.46634883,
      0.4060089,
      0.48125637,
      0.48537403,
      0.46124876,
      0.45370707,
      0.49285415
    ],
    "regularization_epochs": 0
  },
  "interval": {
    "run_dir": "/data/chenwei/remote_lab/runs/cifar10_vit12_interval_b2048_recipe_ema999_reverse070_080_front10_every5_gpu2",
    "experiment_name": "cifar10-vit12-interval-linear-lambda05-b2048-recipe-ema999-reverse070-080-front10-every5-v1",
    "epochs": 200,
    "final_train_loss": 1.19412913,
    "final_eval_loss": 0.54103938,
    "final_eval_accuracy": 0.8272,
    "final_eval_loss_raw": 0.52969538,
    "final_eval_accuracy_raw": 0.8326,
    "final_eval_loss_ema": 0.54103938,
    "final_eval_accuracy_ema": 0.8272,
    "reported_training_time_sec": 909.1608891841024,
    "reported_training_flops": 62285414400,
    "ema_enabled": true,
    "final_layer_ratios": [
      0.70210081,
      0.70038259,
      0.70057797,
      0.70017302,
      0.70132065,
      0.70009875,
      0.70197999,
      0.70099425,
      0.70026153,
      0.70026469,
      0.70043254,
      0.70078838
    ],
    "regularization_epochs": 48
  },
  "delta": {
    "final_train_loss_delta": 0.01481458,
    "final_eval_loss_delta": 0.02359715,
    "final_eval_accuracy_delta": -0.0095,
    "final_eval_loss_raw_delta": 0.0269835,
    "final_eval_accuracy_raw_delta": -0.0076,
    "final_eval_loss_ema_delta": 0.02359715,
    "final_eval_accuracy_ema_delta": -0.0095,
    "reported_training_time_sec_delta": -243.20384822,
    "final_layer_ratio_delta": [
      0.50621281,
      0.43067017,
      0.45139736,
      0.29652253,
      0.32057053,
      0.23374992,
      0.29597109,
      0.21973788,
      0.2148875,
      0.23901593,
      0.24672547,
      0.20793423
    ]
  }
}
