{
  "baseline": {
    "run_dir": "/data/chenwei/remote_lab/runs/cifar10_vit6_baseline_bs512_gpu2",
    "experiment_name": "cifar10-vit6-baseline-bs512-v1",
    "epochs": 500,
    "final_train_loss": 0.07122558,
    "final_eval_loss": 0.7838699,
    "final_eval_accuracy": 0.8267,
    "reported_training_time_sec": 2057.331208784133,
    "reported_training_flops": 0,
    "final_layer_ratios": [
      0.47344983,
      0.31212988,
      0.50484842,
      0.48012924,
      0.47425255,
      0.48916316
    ],
    "regularization_epochs": 0
  },
  "interval": {
    "run_dir": "/data/chenwei/remote_lab/runs/cifar10_vit6_interval_bs512_gpu6",
    "experiment_name": "cifar10-vit6-interval-linear-lambda05-bs512-v1",
    "epochs": 500,
    "final_train_loss": 0.07121521,
    "final_eval_loss": 0.77723701,
    "final_eval_accuracy": 0.8313,
    "reported_training_time_sec": 2156.0969095844775,
    "reported_training_flops": 2018472099840,
    "final_layer_ratios": [
      0.48587891,
      0.27898693,
      0.44059896,
      0.48883519,
      0.46866173,
      0.47953311
    ],
    "regularization_epochs": 30
  },
  "continuous": {
    "run_dir": "/data/chenwei/remote_lab/runs/cifar10_vit6_interval_bs512_continuous_200ep_gpu3",
    "experiment_name": "cifar10-vit6-interval-linear-lambda05-bs512-continuous-200ep-v1",
    "epochs": 200,
    "final_train_loss": 0.07151094,
    "final_eval_loss": 0.81626039,
    "final_eval_accuracy": 0.8175,
    "reported_training_time_sec": 964.787099711597,
    "reported_training_flops": 13456480665600,
    "final_layer_ratios": [
      0.23217927,
      0.26071808,
      0.3481819,
      0.39520454,
      0.47818974,
      0.61825943
    ],
    "regularization_epochs": 200
  }
}
